"Product ID [Non Editable]","Variant ID [Non Editable]","Product Type [Non Editable]","Product Page","Product URL","Title","Description","SKU","Option Name 1","Option Value 1","Option Name 2","Option Value 2","Option Name 3","Option Value 3","Option Name 4","Option Value 4","Option Name 5","Option Value 5","Option Name 6","Option Value 6","Price","Sale Price","On Sale","Stock","Categories","Tags","Weight","Length","Width","Height","Visible","Hosted Image URLs"
"67b14f9bdea52e202ee04fc0","107efa4a-574f-45d7-875e-3c99191bd7be","PHYSICAL","merch","wu-limited-edition-eco-hoodie","WU-Limited Edition ECO - Hoodie","If there’s one fashion rule to live by, let it be that comfort doesn’t have to be compromised for the sake of style. Pair the super-soft unisex eco raglan hoodie with joggers for a relaxed look, or elevate the outfit with a skirt, oversized blazer, or classic trousers. The hoodie’s brushed inside ensures a comfy and snug feel, and will keep you warm during the colder days.<br />
<br />
• Outside: 100% organic cotton<br />
• Charcoal melange is 60% cotton, 40% recycled polyester<br />
• Inside for all colors: 80% organic cotton, 20% recycled polyester<br />
• Brushed lining<br />
• Regular fit<br />
• Raglan sleeves<br />
• Ribbed cuffs and hem<br />
• Drawstrings with metal eyelets and stoppers<br />
• Jersey-lined hood<br />
• Blank product sourced from Bangladesh<br />
<br />
This product is made especially for you as soon as you place an order, which is why it takes us a bit longer to deliver it to you. Making products on demand instead of in bulk helps reduce overproduction, so thank you for making thoughtful purchasing decisions!","67B14F98C055F_XS","Size","XS","","","","","","","","","","","77.00","0.00","No","Unlimited","","","0.0","0.0","0.0","0.0","Yes","https://images.squarespace-cdn.com/content/v1/6786a71a8e66022d03e88bc4/1739673502184-81REDI8JW4F4OUJX9QCG/unisex-eco-raglan-hoodie-black-front-67b14f947b87b.jpg https://images.squarespace-cdn.com/content/v1/6786a71a8e66022d03e88bc4/1739673503362-YUYZ7NTLBSTLJQYK9QWK/unisex-eco-raglan-hoodie-black-left-67b14f947c5c3.jpg https://images.squarespace-cdn.com/content/v1/6786a71a8e66022d03e88bc4/1739673504477-WMJ9YBZJPA8BKN9MRYRR/unisex-eco-raglan-hoodie-black-right-67b14f947c7f2.jpg https://images.squarespace-cdn.com/content/v1/6786a71a8e66022d03e88bc4/1739673505848-8WN2UQVCTSI7OFF5Q44V/unisex-eco-raglan-hoodie-black-back-67b14f947c9c3.jpg"
"","86158ae0-3816-4ffc-a8fc-7805579c75f3","","","","","","67B14F98C055F_S","Size","S","","","","","","","","","","","77.00","0.00","No","Unlimited","","","0.0","0.0","0.0","0.0","",""
"","245f18f0-5f3f-4ce5-bdee-36dab2f2589d","","","","","","67B14F98C055F_M","Size","M","","","","","","","","","","","77.00","0.00","No","Unlimited","","","0.0","0.0","0.0","0.0","",""
"","4b6e8b8d-a14a-40b8-9f80-189c4beeec73","","","","","","67B14F98C055F_L","Size","L","","","","","","","","","","","77.00","0.00","No","Unlimited","","","0.0","0.0","0.0","0.0","",""
"","8ff24d58-f319-4257-8771-65aaa8cf76dd","","","","","","67B14F98C055F_XL","Size","XL","","","","","","","","","","","77.00","0.00","No","Unlimited","","","0.0","0.0","0.0","0.0","",""
"","e2bea273-9098-4079-bd18-8cca4fe92d15","","","","","","67B14F98C055F_2XL","Size","2XL","","","","","","","","","","","82.00","0.00","No","Unlimited","","","0.0","0.0","0.0","0.0","",""
"","511d5261-9727-4175-966f-b64d26c4b0c1","","","","","","67B14F98C055F_3XL","Size","3XL","","","","","","","","","","","86.00","0.00","No","Unlimited","","","0.0","0.0","0.0","0.0","",""
"67b1511fdea52e202ee0508b","b873dec3-5acd-4b2d-8bd7-997efdeb1051","PHYSICAL","merch","einstein-limited-edition-eco-hoodie","Einstein Limited Edition ECO Hoodie","Meet the premium eco hoodie made of organic and recycled materials. With its comfortable fit, front pouch pocket, and double-layered hood, the hoodie is a classic streetwear piece that can be styled with multiple different looks.<br />
<br />
• 85% organic cotton, 15% recycled polyester<br />
• Ribbing: 97% organic cotton, 3% elastane<br />
• Brushed fleece fabric inside<br />
• Comfortable unisex fit<br />
• Double-layered hood<br />
• Flat drawcords with metal eyelets for a premium feel<br />
• Kangaroo pocket<br />
• Inside/outside label patch for branding<br />
• Tear-away care label<br />
<br />
This product is made especially for you as soon as you place an order, which is why it takes us a bit longer to deliver it to you. Making products on demand instead of in bulk helps reduce overproduction, so thank you for making thoughtful purchasing decisions!","67B1511C1AD1B_XS","Size","XS","","","","","","","","","","","91.00","0.00","No","Unlimited","","","0.0","0.0","0.0","0.0","Yes","https://images.squarespace-cdn.com/content/v1/6786a71a8e66022d03e88bc4/1739673889565-C3ZL2PBPWEWJQWKW0964/premium-eco-hoodie-black-front-67b151170d5ed.jpg https://images.squarespace-cdn.com/content/v1/6786a71a8e66022d03e88bc4/1739674469775-88RWTP22U10EB9X6DB91/premium-eco-hoodie-black-front-67b1535fed428.jpg https://images.squarespace-cdn.com/content/v1/6786a71a8e66022d03e88bc4/1739674471333-R6VFORONAAD6Q6I64XLI/premium-eco-hoodie-black-back-67b1535fedf61.jpg"
"","9d17931a-b386-4926-a443-a9100d03bf32","","","","","","67B1511C1AD1B_S","Size","S","","","","","","","","","","","91.00","0.00","No","Unlimited","","","0.0","0.0","0.0","0.0","",""
"","f56ef675-5706-4dda-aa73-4d4eefdc2527","","","","","","67B1511C1AD1B_M","Size","M","","","","","","","","","","","91.00","0.00","No","Unlimited","","","0.0","0.0","0.0","0.0","",""
"","e711f523-eebd-4705-9ee7-143638961878","","","","","","67B1511C1AD1B_L","Size","L","","","","","","","","","","","91.00","0.00","No","Unlimited","","","0.0","0.0","0.0","0.0","",""
"","98c60ce2-5b35-48d8-a10b-2f8a280ad4af","","","","","","67B1511C1AD1B_XL","Size","XL","","","","","","","","","","","91.00","0.00","No","Unlimited","","","0.0","0.0","0.0","0.0","",""
"","3eb8ff37-517a-4f33-afb7-18014fe6780e","","","","","","67B1511C1AD1B_2XL","Size","2XL","","","","","","","","","","","96.00","0.00","No","Unlimited","","","0.0","0.0","0.0","0.0","",""
"","b4c29c47-6e7d-4135-9fde-98cee223b6d2","","","","","","67B1511C1AD1B_3XL","Size","3XL","","","","","","","","","","","100.00","0.00","No","Unlimited","","","0.0","0.0","0.0","0.0","",""
"","4948b9f7-df38-4be4-9a77-3a3f764791ef","","","","","","67B1511C1AD1B_4XL","Size","4XL","","","","","","","","","","","104.00","0.00","No","Unlimited","","","0.0","0.0","0.0","0.0","",""
"","ee75c558-4cc9-4db5-a91f-2fb11be4de4f","","","","","","67B1511C1AD1B_5XL","Size","5XL","","","","","","","","","","","109.00","0.00","No","Unlimited","","","0.0","0.0","0.0","0.0","",""
"67b15448eff71c3a3828c35f","81357f1d-12b1-4190-a0cb-289621b0fbbe","PHYSICAL","merch","einstein-college-unisex-sweatshirt","Einstein College Unisex Sweatshirt","A sturdy and warm sweatshirt bound to keep you warm in the colder months. A pre-shrunk, classic fit sweater that’s made with air-jet spun yarn for a soft feel.<br />
<br />
• 50% cotton, 50% polyester<br />
• Pre-shrunk<br />
• Classic fit<br />
• 1x1 athletic rib knit collar with spandex<br />
• Air-jet spun yarn with a soft feel<br />
• Double-needle stitched collar, shoulders, armholes, cuffs, and hem<br />
<br />
This product is made especially for you as soon as you place an order, which is why it takes us a bit longer to deliver it to you. Making products on demand instead of in bulk helps reduce overproduction, so thank you for making thoughtful purchasing decisions!","67B15444CF3D0_Black-S","Color","Black","Size","S","","","","","","","","","41.00","0.00","No","Unlimited","","","0.0","0.0","0.0","0.0","Yes","https://images.squarespace-cdn.com/content/v1/6786a71a8e66022d03e88bc4/1739674701959-2XYOMBDODIK8MW7VVHAL/unisex-crew-neck-sweatshirt-black-front-67b154351da20.jpg https://images.squarespace-cdn.com/content/v1/6786a71a8e66022d03e88bc4/1739674703703-M7NQCZUI1E1DY9CEQEW4/unisex-crew-neck-sweatshirt-black-back-67b154351ee76.jpg https://images.squarespace-cdn.com/content/v1/6786a71a8e66022d03e88bc4/1739674705858-J9LLPRU50C8G3OIXBOOP/unisex-crew-neck-sweatshirt-navy-front-67b154352049e.jpg https://images.squarespace-cdn.com/content/v1/6786a71a8e66022d03e88bc4/1739674709719-9MLS7WO5GXMRBD0SFSNW/unisex-crew-neck-sweatshirt-navy-back-67b1543522a87.jpg https://images.squarespace-cdn.com/content/v1/6786a71a8e66022d03e88bc4/1739674713917-4JOU75M9GDL9KMC13YOU/unisex-crew-neck-sweatshirt-maroon-front-67b1543525b46.jpg https://images.squarespace-cdn.com/content/v1/6786a71a8e66022d03e88bc4/1739674715587-H0UNET4TAA1QD1TVGAE8/unisex-crew-neck-sweatshirt-maroon-back-67b15435299da.jpg https://images.squarespace-cdn.com/content/v1/6786a71a8e66022d03e88bc4/1739674721224-ARFGVF1D3TAFX08DWLNW/unisex-crew-neck-sweatshirt-dark-heather-front-67b154352e336.jpg https://images.squarespace-cdn.com/content/v1/6786a71a8e66022d03e88bc4/1739674723022-L84QOBX9W1PW21DWN1IQ/unisex-crew-neck-sweatshirt-dark-heather-back-67b15435342f8.jpg https://images.squarespace-cdn.com/content/v1/6786a71a8e66022d03e88bc4/1739674725026-8M2C6STRYMS1EEAFAIQY/unisex-crew-neck-sweatshirt-indigo-blue-front-67b154353cf4c.jpg https://images.squarespace-cdn.com/content/v1/6786a71a8e66022d03e88bc4/1739674727665-KTGJI3R7ND369ER4CUH6/unisex-crew-neck-sweatshirt-indigo-blue-back-67b1543543e75.jpg https://images.squarespace-cdn.com/content/v1/6786a71a8e66022d03e88bc4/1739674731017-34TLT4NB06BS46941WB1/unisex-crew-neck-sweatshirt-heliconia-front-67b154354ba0b.jpg https://images.squarespace-cdn.com/content/v1/6786a71a8e66022d03e88bc4/1739674732596-7OD7BGJ21GSJMYY217HN/unisex-crew-neck-sweatshirt-heliconia-back-67b15435558fb.jpg"
"","cc3da9b7-de92-4ff9-98b5-155f1fa023a4","","","","","","67B15444CF3D0_Black-M","Color","Black","Size","M","","","","","","","","","41.00","0.00","No","Unlimited","","","0.0","0.0","0.0","0.0","",""
"","504cfbf3-d69a-4257-9b53-66cea7c131ed","","","","","","67B15444CF3D0_Black-L","Color","Black","Size","L","","","","","","","","","41.00","0.00","No","Unlimited","","","0.0","0.0","0.0","0.0","",""
"","0575c2e7-e3e7-487e-91b3-d9853a88cfba","","","","","","67B15444CF3D0_Black-XL","Color","Black","Size","XL","","","","","","","","","41.00","0.00","No","Unlimited","","","0.0","0.0","0.0","0.0","",""
"","d6447c1e-66e8-4495-86ed-d767eebc3353","","","","","","67B15444CF3D0_Black-2XL","Color","Black","Size","2XL","","","","","","","","","46.00","0.00","No","Unlimited","","","0.0","0.0","0.0","0.0","",""
"","7ab19a09-a963-4588-842e-43dacd8d9fb1","","","","","","67B15444CF3D0_Black-3XL","Color","Black","Size","3XL","","","","","","","","","50.00","0.00","No","Unlimited","","","0.0","0.0","0.0","0.0","",""
"","dd05d95c-567d-4942-9dfc-38450942a3f4","","","","","","67B15444CF3D0_Black-4XL","Color","Black","Size","4XL","","","","","","","","","54.00","0.00","No","Unlimited","","","0.0","0.0","0.0","0.0","",""
"","b6433c93-8d35-43ed-b963-3a71e90b1dd6","","","","","","67B15444CF3D0_Black-5XL","Color","Black","Size","5XL","","","","","","","","","59.00","0.00","No","Unlimited","","","0.0","0.0","0.0","0.0","",""
"","36a20746-af18-48a9-b72a-a9b1293cdd14","","","","","","67B15444CF3D0_Navy-S","Color","Navy","Size","S","","","","","","","","","41.00","0.00","No","Unlimited","","","0.0","0.0","0.0","0.0","",""
"","1241f6c8-997c-420e-a21d-74c0e4477c85","","","","","","67B15444CF3D0_Navy-M","Color","Navy","Size","M","","","","","","","","","41.00","0.00","No","Unlimited","","","0.0","0.0","0.0","0.0","",""
"","3203d2a0-3a9b-4b61-8bd4-cf142e55fdc6","","","","","","67B15444CF3D0_Navy-L","Color","Navy","Size","L","","","","","","","","","41.00","0.00","No","Unlimited","","","0.0","0.0","0.0","0.0","",""
"","d0fcf33f-3067-4fc8-a7ce-829733df8546","","","","","","67B15444CF3D0_Navy-XL","Color","Navy","Size","XL","","","","","","","","","41.00","0.00","No","Unlimited","","","0.0","0.0","0.0","0.0","",""
"","e374bb53-34a5-4041-94ef-bcba16dc02f0","","","","","","67B15444CF3D0_Navy-2XL","Color","Navy","Size","2XL","","","","","","","","","46.00","0.00","No","Unlimited","","","0.0","0.0","0.0","0.0","",""
"","3b5f10cd-0ae8-4406-b821-5883305d3771","","","","","","67B15444CF3D0_Navy-3XL","Color","Navy","Size","3XL","","","","","","","","","50.00","0.00","No","Unlimited","","","0.0","0.0","0.0","0.0","",""
"","26666ff5-18ec-42ff-bff5-ca7f89dcb39a","","","","","","67B15444CF3D0_Navy-4XL","Color","Navy","Size","4XL","","","","","","","","","54.00","0.00","No","Unlimited","","","0.0","0.0","0.0","0.0","",""
"","b8c22290-d299-4af6-9022-9236233fb7b2","","","","","","67B15444CF3D0_Navy-5XL","Color","Navy","Size","5XL","","","","","","","","","59.00","0.00","No","Unlimited","","","0.0","0.0","0.0","0.0","",""
"","cc084c64-76e5-4f66-8e10-bf85e3256004","","","","","","67B15444CF3D0_Maroon-S","Color","Maroon","Size","S","","","","","","","","","41.00","0.00","No","Unlimited","","","0.0","0.0","0.0","0.0","",""
"","755c55ff-cb39-41f3-9f18-cf4c6fbc4cf7","","","","","","67B15444CF3D0_Maroon-M","Color","Maroon","Size","M","","","","","","","","","41.00","0.00","No","Unlimited","","","0.0","0.0","0.0","0.0","",""
"","aa7e8ae4-33a4-4a26-8202-1c20591e7cae","","","","","","67B15444CF3D0_Maroon-L","Color","Maroon","Size","L","","","","","","","","","41.00","0.00","No","Unlimited","","","0.0","0.0","0.0","0.0","",""
"","d7487387-f103-4fb3-a2e6-13ca10042883","","","","","","67B15444CF3D0_Maroon-XL","Color","Maroon","Size","XL","","","","","","","","","41.00","0.00","No","Unlimited","","","0.0","0.0","0.0","0.0","",""
"","94910b3b-4c5a-4e65-bda9-255cb6057e6a","","","","","","67B15444CF3D0_Maroon-2XL","Color","Maroon","Size","2XL","","","","","","","","","46.00","0.00","No","Unlimited","","","0.0","0.0","0.0","0.0","",""
"","0ee3826d-42d2-4552-a977-00f3a0cbc1fc","","","","","","67B15444CF3D0_Dark-Heather-S","Color","Dark Heather","Size","S","","","","","","","","","41.00","0.00","No","Unlimited","","","0.0","0.0","0.0","0.0","",""
"","e17e9e6c-1b40-4c6f-a928-3483e7750670","","","","","","67B15444CF3D0_Dark-Heather-M","Color","Dark Heather","Size","M","","","","","","","","","41.00","0.00","No","Unlimited","","","0.0","0.0","0.0","0.0","",""
"","c9be068c-62b1-4616-b37e-d21bd5d6c796","","","","","","67B15444CF3D0_Dark-Heather-L","Color","Dark Heather","Size","L","","","","","","","","","41.00","0.00","No","Unlimited","","","0.0","0.0","0.0","0.0","",""
"","201669b9-4a1e-47e0-90d7-6944f5700df9","","","","","","67B15444CF3D0_Dark-Heather-XL","Color","Dark Heather","Size","XL","","","","","","","","","41.00","0.00","No","Unlimited","","","0.0","0.0","0.0","0.0","",""
"","104f8459-e947-4527-a73c-14a2a761ad59","","","","","","67B15444CF3D0_Dark-Heather-2XL","Color","Dark Heather","Size","2XL","","","","","","","","","46.00","0.00","No","Unlimited","","","0.0","0.0","0.0","0.0","",""
"","cf516876-4252-4d2d-b504-54c8fad968a9","","","","","","67B15444CF3D0_Dark-Heather-3XL","Color","Dark Heather","Size","3XL","","","","","","","","","50.00","0.00","No","Unlimited","","","0.0","0.0","0.0","0.0","",""
"","07d9ee35-13fd-4738-bb67-a1cd7b50281a","","","","","","67B15444CF3D0_Dark-Heather-4XL","Color","Dark Heather","Size","4XL","","","","","","","","","54.00","0.00","No","Unlimited","","","0.0","0.0","0.0","0.0","",""
"","373cd262-5b14-4c2f-b3c1-28291389147e","","","","","","67B15444CF3D0_Dark-Heather-5XL","Color","Dark Heather","Size","5XL","","","","","","","","","59.00","0.00","No","Unlimited","","","0.0","0.0","0.0","0.0","",""
"","76b71622-76ca-4bd4-b800-531e097e8bca","","","","","","67B15444CF3D0_Indigo-Blue-S","Color","Indigo Blue","Size","S","","","","","","","","","41.00","0.00","No","Unlimited","","","0.0","0.0","0.0","0.0","",""
"","8baa7d44-0410-42da-9fcf-3d641db63284","","","","","","67B15444CF3D0_Indigo-Blue-M","Color","Indigo Blue","Size","M","","","","","","","","","41.00","0.00","No","Unlimited","","","0.0","0.0","0.0","0.0","",""
"","961dfa5f-73b8-4fa8-96f7-6be1e4d590cc","","","","","","67B15444CF3D0_Indigo-Blue-L","Color","Indigo Blue","Size","L","","","","","","","","","41.00","0.00","No","Unlimited","","","0.0","0.0","0.0","0.0","",""
"","35dd0414-a126-40e8-8a39-55ec07d0764e","","","","","","67B15444CF3D0_Indigo-Blue-XL","Color","Indigo Blue","Size","XL","","","","","","","","","41.00","0.00","No","Unlimited","","","0.0","0.0","0.0","0.0","",""
"","016e2335-2545-410c-9f22-9b0742eb2b5e","","","","","","67B15444CF3D0_Indigo-Blue-2XL","Color","Indigo Blue","Size","2XL","","","","","","","","","46.00","0.00","No","Unlimited","","","0.0","0.0","0.0","0.0","",""
"","80f670fc-f7e3-4b30-87b6-2e57c0ed165c","","","","","","67B15444CF3D0_Indigo-Blue-3XL","Color","Indigo Blue","Size","3XL","","","","","","","","","50.00","0.00","No","Unlimited","","","0.0","0.0","0.0","0.0","",""
"","d36b84b9-f180-48f7-b1ef-ec086b1ae29d","","","","","","67B15444CF3D0_Heliconia-S","Color","Heliconia","Size","S","","","","","","","","","41.00","0.00","No","Unlimited","","","0.0","0.0","0.0","0.0","",""
"","a60d9d64-8b68-4732-8c1f-4d2a02ffbb0e","","","","","","67B15444CF3D0_Heliconia-M","Color","Heliconia","Size","M","","","","","","","","","41.00","0.00","No","Unlimited","","","0.0","0.0","0.0","0.0","",""
"","8b5ac3ea-b90d-4d9e-a8a1-3ad6817e3190","","","","","","67B15444CF3D0_Heliconia-L","Color","Heliconia","Size","L","","","","","","","","","41.00","0.00","No","Unlimited","","","0.0","0.0","0.0","0.0","",""
"","845c7c1b-6f8b-4e4f-a819-a5dcaab718c2","","","","","","67B15444CF3D0_Heliconia-XL","Color","Heliconia","Size","XL","","","","","","","","","41.00","0.00","No","Unlimited","","","0.0","0.0","0.0","0.0","",""
"","f28cedac-8aff-443c-81a5-ae89c949ef1f","","","","","","67B15444CF3D0_Heliconia-2XL","Color","Heliconia","Size","2XL","","","","","","","","","46.00","0.00","No","Unlimited","","","0.0","0.0","0.0","0.0","",""
"","0c2813cb-0b0e-4bf6-8bcb-13be84d99712","","","","","","67B15444CF3D0_Heliconia-3XL","Color","Heliconia","Size","3XL","","","","","","","","","50.00","0.00","No","Unlimited","","","0.0","0.0","0.0","0.0","",""
"","91668cf3-b83d-497f-8bac-f45a3c0ecf5a","","","","","","67B15444CF3D0_Heliconia-4XL","Color","Heliconia","Size","4XL","","","","","","","","","54.00","0.00","No","Unlimited","","","0.0","0.0","0.0","0.0","",""
"","731f6900-f476-4ef4-a8aa-69aeb8babc91","","","","","","67B15444CF3D0_Heliconia-5XL","Color","Heliconia","Size","5XL","","","","","","","","","59.00","0.00","No","Unlimited","","","0.0","0.0","0.0","0.0","",""
"","adf38d2a-0f86-4d79-8f5f-2c9fc7cedf7e","","","","","","67B15444CF3D0_Irish-Green-S","Color","Irish Green","Size","S","","","","","","","","","41.00","0.00","No","Unlimited","","","0.0","0.0","0.0","0.0","",""
"","8eca5023-ac3f-44a5-ac0b-b56bf5fd911a","","","","","","67B15444CF3D0_Irish-Green-M","Color","Irish Green","Size","M","","","","","","","","","41.00","0.00","No","Unlimited","","","0.0","0.0","0.0","0.0","",""
"","afc15ad5-82df-4a49-8645-3360a8ac81a3","","","","","","67B15444CF3D0_Irish-Green-L","Color","Irish Green","Size","L","","","","","","","","","41.00","0.00","No","Unlimited","","","0.0","0.0","0.0","0.0","",""
"","5705d57a-7050-4a58-af9d-6855a80c2db9","","","","","","67B15444CF3D0_Irish-Green-XL","Color","Irish Green","Size","XL","","","","","","","","","41.00","0.00","No","Unlimited","","","0.0","0.0","0.0","0.0","",""
"","5d51f823-731d-4c7f-8885-d1814fd4d4c9","","","","","","67B15444CF3D0_Irish-Green-2XL","Color","Irish Green","Size","2XL","","","","","","","","","46.00","0.00","No","Unlimited","","","0.0","0.0","0.0","0.0","",""
"","ffde4398-73a8-4781-98a5-4d6b15368f1c","","","","","","67B15444CF3D0_Irish-Green-3XL","Color","Irish Green","Size","3XL","","","","","","","","","50.00","0.00","No","Unlimited","","","0.0","0.0","0.0","0.0","",""
"","f86954d4-4588-4927-8de0-984050c584b9","","","","","","67B15444CF3D0_Irish-Green-4XL","Color","Irish Green","Size","4XL","","","","","","","","","54.00","0.00","No","Unlimited","","","0.0","0.0","0.0","0.0","",""
"","68997919-dd49-430e-90e3-16e05687a2e3","","","","","","67B15444CF3D0_Irish-Green-5XL","Color","Irish Green","Size","5XL","","","","","","","","","59.00","0.00","No","Unlimited","","","0.0","0.0","0.0","0.0","",""
"","7d2f989d-6a29-428e-a58f-e17cc7b38e11","","","","","","67B15444CF3D0_Light-Blue-S","Color","Light Blue","Size","S","","","","","","","","","41.00","0.00","No","Unlimited","","","0.0","0.0","0.0","0.0","",""
"","8f8c30b1-1259-4492-8aa4-3e58e00aebb7","","","","","","67B15444CF3D0_Light-Blue-M","Color","Light Blue","Size","M","","","","","","","","","41.00","0.00","No","Unlimited","","","0.0","0.0","0.0","0.0","",""
"","d065f18c-5c12-415c-bc1a-65507b84c280","","","","","","67B15444CF3D0_Light-Blue-L","Color","Light Blue","Size","L","","","","","","","","","41.00","0.00","No","Unlimited","","","0.0","0.0","0.0","0.0","",""
"","4426a4ff-1dd7-4986-b4a4-34ac2c4c3da0","","","","","","67B15444CF3D0_Light-Blue-XL","Color","Light Blue","Size","XL","","","","","","","","","41.00","0.00","No","Unlimited","","","0.0","0.0","0.0","0.0","",""
"","fe7097e2-1524-44d5-b0db-6cb685538a81","","","","","","67B15444CF3D0_Light-Blue-2XL","Color","Light Blue","Size","2XL","","","","","","","","","46.00","0.00","No","Unlimited","","","0.0","0.0","0.0","0.0","",""
"","b89a86c0-4d21-4177-88a9-f4f98b227258","","","","","","67B15444CF3D0_Light-Blue-3XL","Color","Light Blue","Size","3XL","","","","","","","","","50.00","0.00","No","Unlimited","","","0.0","0.0","0.0","0.0","",""
"","ecb41e0f-14e7-4125-b616-5c5872403de7","","","","","","67B15444CF3D0_Sport-Grey-S","Color","Sport Grey","Size","S","","","","","","","","","41.00","0.00","No","Unlimited","","","0.0","0.0","0.0","0.0","",""
"","8c8afb8f-47fc-4575-99e6-4f740a56b635","","","","","","67B15444CF3D0_Sport-Grey-M","Color","Sport Grey","Size","M","","","","","","","","","41.00","0.00","No","Unlimited","","","0.0","0.0","0.0","0.0","",""
"","637e9560-297a-4c3f-9ed0-6d71c485d1b4","","","","","","67B15444CF3D0_Sport-Grey-L","Color","Sport Grey","Size","L","","","","","","","","","41.00","0.00","No","Unlimited","","","0.0","0.0","0.0","0.0","",""
"","5839b69f-1a77-46b6-9d6c-f2bb0bc7e242","","","","","","67B15444CF3D0_Sport-Grey-XL","Color","Sport Grey","Size","XL","","","","","","","","","41.00","0.00","No","Unlimited","","","0.0","0.0","0.0","0.0","",""
"","1db72e10-4fe8-49c4-82f5-cd5a8c61fab6","","","","","","67B15444CF3D0_Sport-Grey-2XL","Color","Sport Grey","Size","2XL","","","","","","","","","46.00","0.00","No","Unlimited","","","0.0","0.0","0.0","0.0","",""
"","443904cf-00fa-4196-ae9f-64bb05a00793","","","","","","67B15444CF3D0_Sport-Grey-3XL","Color","Sport Grey","Size","3XL","","","","","","","","","50.00","0.00","No","Unlimited","","","0.0","0.0","0.0","0.0","",""
"","089bb7b8-605a-4325-bc84-2a7aeb0bf929","","","","","","67B15444CF3D0_Sport-Grey-4XL","Color","Sport Grey","Size","4XL","","","","","","","","","54.00","0.00","No","Unlimited","","","0.0","0.0","0.0","0.0","",""
"","9e09655d-2592-4917-aa6a-f89fd1ec5fda","","","","","","67B15444CF3D0_Sport-Grey-5XL","Color","Sport Grey","Size","5XL","","","","","","","","","59.00","0.00","No","Unlimited","","","0.0","0.0","0.0","0.0","",""
"","b1854640-56da-490b-99b3-7c9a5bdde552","","","","","","67B15444CF3D0_Sand-S","Color","Sand","Size","S","","","","","","","","","41.00","0.00","No","Unlimited","","","0.0","0.0","0.0","0.0","",""
"","4a9bf8b2-139d-42ff-9909-12b5ca2f5a17","","","","","","67B15444CF3D0_Sand-M","Color","Sand","Size","M","","","","","","","","","41.00","0.00","No","Unlimited","","","0.0","0.0","0.0","0.0","",""
"","3f93f4a0-af5a-402d-a869-d4409d1e539e","","","","","","67B15444CF3D0_Sand-L","Color","Sand","Size","L","","","","","","","","","41.00","0.00","No","Unlimited","","","0.0","0.0","0.0","0.0","",""
"","99901c8f-dc3e-416a-8526-722b275c1a69","","","","","","67B15444CF3D0_Sand-XL","Color","Sand","Size","XL","","","","","","","","","41.00","0.00","No","Unlimited","","","0.0","0.0","0.0","0.0","",""
"","ddf902fe-e41b-45c4-8479-3992e0420f03","","","","","","67B15444CF3D0_Sand-2XL","Color","Sand","Size","2XL","","","","","","","","","46.00","0.00","No","Unlimited","","","0.0","0.0","0.0","0.0","",""
"","a4d6eca2-6717-4e30-a472-f410b3210724","","","","","","67B15444CF3D0_Sand-3XL","Color","Sand","Size","3XL","","","","","","","","","50.00","0.00","No","Unlimited","","","0.0","0.0","0.0","0.0","",""
"","443024fb-c896-4c43-94bc-5e7cf0a834ee","","","","","","67B15444CF3D0_Light-Pink-S","Color","Light Pink","Size","S","","","","","","","","","41.00","0.00","No","Unlimited","","","0.0","0.0","0.0","0.0","",""
"","1e00e3c4-838f-4f7e-9979-07641e465d22","","","","","","67B15444CF3D0_Light-Pink-M","Color","Light Pink","Size","M","","","","","","","","","41.00","0.00","No","Unlimited","","","0.0","0.0","0.0","0.0","",""
"","b10a8c8d-49cf-4b53-8f79-d7183a27b30c","","","","","","67B15444CF3D0_Light-Pink-L","Color","Light Pink","Size","L","","","","","","","","","41.00","0.00","No","Unlimited","","","0.0","0.0","0.0","0.0","",""
"","b48d18c7-3c65-42a5-9393-982d23ef85e2","","","","","","67B15444CF3D0_Light-Pink-XL","Color","Light Pink","Size","XL","","","","","","","","","41.00","0.00","No","Unlimited","","","0.0","0.0","0.0","0.0","",""
"","8b04decc-1881-4f89-a708-d9f40e314cf4","","","","","","67B15444CF3D0_Light-Pink-2XL","Color","Light Pink","Size","2XL","","","","","","","","","46.00","0.00","No","Unlimited","","","0.0","0.0","0.0","0.0","",""
"","586ebd39-3eaa-4796-be3e-620f4f98dc35","","","","","","67B15444CF3D0_Light-Pink-3XL","Color","Light Pink","Size","3XL","","","","","","","","","50.00","0.00","No","Unlimited","","","0.0","0.0","0.0","0.0","",""
"","b02792dc-2bfe-4588-af05-e05561a3fb71","","","","","","67B15444CF3D0_Ash-S","Color","Ash","Size","S","","","","","","","","","41.00","0.00","No","Unlimited","","","0.0","0.0","0.0","0.0","",""
"","1251ec23-9772-4610-a7d6-42973a8deccc","","","","","","67B15444CF3D0_Ash-M","Color","Ash","Size","M","","","","","","","","","41.00","0.00","No","Unlimited","","","0.0","0.0","0.0","0.0","",""
"","7702b4f3-b248-4943-94dc-89a89c50a069","","","","","","67B15444CF3D0_Ash-L","Color","Ash","Size","L","","","","","","","","","41.00","0.00","No","Unlimited","","","0.0","0.0","0.0","0.0","",""
"","909673fd-9030-45df-9651-720ca52e07c4","","","","","","67B15444CF3D0_Ash-XL","Color","Ash","Size","XL","","","","","","","","","41.00","0.00","No","Unlimited","","","0.0","0.0","0.0","0.0","",""
"","90d7ebef-fd82-407b-b89c-d238c66bf85d","","","","","","67B15444CF3D0_Ash-2XL","Color","Ash","Size","2XL","","","","","","","","","46.00","0.00","No","Unlimited","","","0.0","0.0","0.0","0.0","",""
"","742d951a-5d3f-4553-a3fb-963d24db5235","","","","","","67B15444CF3D0_Ash-3XL","Color","Ash","Size","3XL","","","","","","","","","50.00","0.00","No","Unlimited","","","0.0","0.0","0.0","0.0","",""
"","96796184-6165-4fd4-990c-a197fdc345c6","","","","","","67B15444CF3D0_Ash-4XL","Color","Ash","Size","4XL","","","","","","","","","54.00","0.00","No","Unlimited","","","0.0","0.0","0.0","0.0","",""
"","7ecb9d90-91ea-4423-99dd-093dabd6676e","","","","","","67B15444CF3D0_Ash-5XL","Color","Ash","Size","5XL","","","","","","","","","59.00","0.00","No","Unlimited","","","0.0","0.0","0.0","0.0","",""
"","be786bd6-47db-4560-a9a5-278a09139451","","","","","","67B15444CF3D0_White-S","Color","White","Size","S","","","","","","","","","41.00","0.00","No","Unlimited","","","0.0","0.0","0.0","0.0","",""
"","2ca2fac6-7973-45d7-aee4-149f14535561","","","","","","67B15444CF3D0_White-M","Color","White","Size","M","","","","","","","","","41.00","0.00","No","Unlimited","","","0.0","0.0","0.0","0.0","",""
"","2ba75b57-7c2e-4551-833a-cffc0b04b1d1","","","","","","67B15444CF3D0_White-L","Color","White","Size","L","","","","","","","","","41.00","0.00","No","Unlimited","","","0.0","0.0","0.0","0.0","",""
"","72451df6-0340-4db4-a469-21f5f9906d95","","","","","","67B15444CF3D0_White-XL","Color","White","Size","XL","","","","","","","","","41.00","0.00","No","Unlimited","","","0.0","0.0","0.0","0.0","",""
"","22c4eb02-c754-486b-923d-bfdc449a9225","","","","","","67B15444CF3D0_White-2XL","Color","White","Size","2XL","","","","","","","","","46.00","0.00","No","Unlimited","","","0.0","0.0","0.0","0.0","",""
"","c24358e2-fb4c-405d-9c11-c29870c8cb9f","","","","","","67B15444CF3D0_White-3XL","Color","White","Size","3XL","","","","","","","","","50.00","0.00","No","Unlimited","","","0.0","0.0","0.0","0.0","",""
"","93067f95-ae44-4891-9da8-29b2e3a26f74","","","","","","67B15444CF3D0_White-4XL","Color","White","Size","4XL","","","","","","","","","54.00","0.00","No","Unlimited","","","0.0","0.0","0.0","0.0","",""
"","b459a2e8-1cfc-4197-894f-52df3fe06a3d","","","","","","67B15444CF3D0_White-5XL","Color","White","Size","5XL","","","","","","","","","59.00","0.00","No","Unlimited","","","0.0","0.0","0.0","0.0","",""
