Date,Type,Title,Description,Hashtags,Alt Text,Board,Link
"2025-11-19","product","Elevate Your Space: Sacred Geometry Canvas Art Prints","Transform your home into a sanctuary with Brandon Mills' Genesis Collection. These AI-generated sacred geometry prints evoke peace, harmony, and deeper understanding. Invest in art that nourishes your soul. Shop now and find the perfect piece for your space. Limited availability! #SacredGeometry #AIArt #HomeDecor #LuxuryArt #SpiritualDecor #ConsciousnessArt #WallArt #InteriorDesign #GenesisCollection #BrandonMills","SacredGeometry AIArt HomeDecor LuxuryArt SpiritualDecor ConsciousnessArt WallArt InteriorDesign GenesisCollection BrandonMills","Close-up of a vibrant sacred geometry canvas print with intricate details.","Genesis Collection - Sacred Art","https://brandonmills.com/genesis-collection"
"2025-11-19","idea","Unlocking the Language of the Universe: Sacred Geometry Explained","Discover the profound symbolism and power of sacred geometry. Learn how these patterns resonate with the fabric of reality and influence our perception. Expand your consciousness and unlock hidden knowledge. Explore the interconnectedness of all things. #SacredGeometry #Consciousness #Spirituality #Universe #Patterns #Symbolism #Metaphysics #Geometry #Knowledge #Awareness","SacredGeometry Consciousness Spirituality Universe Patterns Symbolism Metaphysics Geometry Knowledge Awareness","Diagram illustrating various sacred geometry shapes and their relationships.","Consciousness & Jung","https://brandonmills.com/blog/sacred-geometry-explained"
"2025-11-19","blog","Decode Your Dreams: A Simple Guide to Dream Interpretation","Unlock the hidden messages in your dreams! Learn practical techniques for interpreting symbols and understanding your subconscious mind. Gain valuable insights into your emotions and navigate life's challenges with clarity. Download our free dream interpretation guide today! #DreamInterpretation #Dreams #Subconscious #Psychology #SelfAwareness #Mindfulness #JungianPsychology #Symbolism #Sleep #Dreaming","DreamInterpretation Dreams Subconscious Psychology SelfAwareness Mindfulness JungianPsychology Symbolism Sleep Dreaming","Abstract image representing the dream world, with floating symbols and vibrant colors.","Dream Decoder Insights","https://brandonmills.com/blog/dream-interpretation-guide"
"2025-11-20","product","Sacred Geometry Art: A Portal to Higher Consciousness","Invite transformative energy into your life with our captivating Genesis Collection canvas prints. Each piece is designed to awaken your inner potential and connect you with the divine. Experience the beauty and power of sacred geometry. Browse the collection now. #SacredGeometryArt #ConsciousnessArt #SpiritualArt #Enlightenment #WallDecor #HomeDesign #Meditation #Mindfulness #ArtCollector #BrandonMillsArt","SacredGeometryArt ConsciousnessArt SpiritualArt Enlightenment WallDecor HomeDesign Meditation Mindfulness ArtCollector BrandonMillsArt","Wide shot of a living room featuring a large sacred geometry canvas print above the sofa.","Genesis Collection - Sacred Art","https://brandonmills.com/genesis-collection"
"2025-11-20","idea","Carl Jung & Synchronicity: Meaningful Coincidences Explained","Explore Carl Jung's concept of synchronicity and discover how meaningful coincidences can guide you on your path. Learn to recognize these significant moments and unlock their hidden wisdom. Dive deeper into the interconnectedness of the universe. #CarlJung #Synchronicity #MeaningfulCoincidences #Psychology #Spirituality #Consciousness #Archetypes #CollectiveUnconscious #SelfDiscovery #Intuition","CarlJung Synchronicity MeaningfulCoincidences Psychology Spirituality Consciousness Archetypes CollectiveUnconscious SelfDiscovery Intuition","Image representing interconnectedness, such as a web of light or a network of stars.","Consciousness & Jung","https://brandonmills.com/blog/jung-synchronicity"
"2025-11-20","blog","Unlock Inner Peace: Simple Meditation Techniques for Beginners","Discover the transformative power of meditation. Learn easy-to-follow techniques for calming your mind, reducing stress, and cultivating inner peace. Start your meditation journey today and experience the benefits. Download our free meditation guide. #Meditation #Mindfulness #InnerPeace #StressRelief #Relaxation #Wellbeing #SpiritualGrowth #MeditationTips #BeginnerMeditation #SelfCare","Meditation Mindfulness InnerPeace StressRelief Relaxation Wellbeing SpiritualGrowth MeditationTips BeginnerMeditation SelfCare","Serene image of a person meditating in nature, bathed in soft light.","Meditation & Mindfulness","https://brandonmills.com/blog/meditation-techniques"
"2025-11-21","product","Transformative Art: Sacred Geometry Canvas Prints for Healing","Infuse your space with healing energy through our Genesis Collection. These carefully crafted sacred geometry prints are designed to promote balance, harmony, and well-being. Experience the transformative power of art. Shop now and elevate your environment. #HealingArt #SacredGeometry #SpiritualHealing #Wellbeing #ArtTherapy #HomeDecor #WallArt #Consciousness #MindBodySoul #BrandonMills","HealingArt SacredGeometry SpiritualHealing Wellbeing ArtTherapy HomeDecor WallArt Consciousness MindBodySoul BrandonMills","Detail of a sacred geometry canvas print showcasing vibrant colors and intricate patterns, designed to promote healing.","Genesis Collection - Sacred Art","https://brandonmills.com/genesis-collection"
"2025-11-21","idea","The Fibonacci Sequence: Nature's Hidden Code Revealed","Uncover the beauty and mathematical precision of the Fibonacci sequence. Explore its presence in nature, art, and architecture. Gain a deeper appreciation for the underlying order of the universe. Discover the golden ratio. #FibonacciSequence #GoldenRatio #Mathematics #Nature #Art #Design #SacredGeometry #Science #Patterns #Beauty","FibonacciSequence GoldenRatio Mathematics Nature Art Design SacredGeometry Science Patterns Beauty","Image illustrating the Fibonacci sequence through a nautilus shell or a sunflower.","Consciousness & Jung","https://brandonmills.com/blog/fibonacci-sequence"
"2025-11-21","blog","AI Art: The Creative Process Behind Brandon Mills' Designs","Go behind the scenes and discover the unique AI art process that brings Brandon Mills' visions to life. Learn how technology and artistry combine to create breathtaking and thought-provoking pieces. Explore the future of art. #AIArt #ArtificialIntelligence #ArtProcess #DigitalArt #CreativeProcess #MachineLearning #ArtAndTechnology #Innovation #FineArt #BrandonMills","AIArt ArtificialIntelligence ArtProcess DigitalArt CreativeProcess MachineLearning ArtAndTechnology Innovation FineArt BrandonMills","Image showcasing the AI art creation process, perhaps with code snippets or visual representations of the AI algorithms.","AI Art Process","https://brandonmills.com/blog/ai-art-process"
"2025-11-22","product","Own A Masterpiece: Limited Edition Sacred Art Prints Available","Invest in a timeless piece of art that speaks to your soul. Our limited edition Genesis Collection canvas prints offer unparalleled beauty and spiritual depth. Don't miss your chance to own a Brandon Mills original. Secure yours today! #LimitedEditionArt #SacredArt #CollectibleArt #LuxuryHomeDecor #SpiritualArt #ArtInvestment #WallDecor #FineArt #ExclusiveArt #BrandonMillsArt","LimitedEditionArt SacredArt CollectibleArt LuxuryHomeDecor SpiritualArt ArtInvestment WallDecor FineArt ExclusiveArt BrandonMillsArt","Close-up of a limited edition sacred geometry canvas print with a certificate of authenticity visible.","Genesis Collection - Sacred Art","https://brandonmills.com/genesis-collection"
"2025-11-22","idea","The Power of Symbolism: Unlocking Meaning in Art & Life","Explore the profound impact of symbolism on our understanding of art and the world around us. Learn how symbols communicate powerful messages and shape our perceptions. Deepen your connection to meaning and purpose. #Symbolism #ArtHistory #Meaning #Interpretation #Psychology #Culture #Archetypes #VisualCommunication #Semiotics #Consciousness","Symbolism ArtHistory Meaning Interpretation Psychology Culture Archetypes VisualCommunication Semiotics Consciousness","Collage of various iconic symbols from different cultures and eras.","Consciousness & Jung","https://brandonmills.com/blog/power-of-symbolism"
"2025-11-22","blog","Cultivating Mindfulness: Practical Exercises for Daily Life","Integrate mindfulness into your daily routine with these simple and effective exercises. Reduce stress, improve focus, and enhance your overall well-being. Start living in the present moment. Download our free mindfulness guide! #Mindfulness #Meditation #PresentMoment #StressReduction #Wellbeing #MentalHealth #MindfulnessExercises #SelfCare #Awareness #HealthyLiving","Mindfulness Meditation PresentMoment StressReduction Wellbeing MentalHealth MindfulnessExercises SelfCare Awareness HealthyLiving","Image of a person practicing a mindful activity, such as walking in nature or drinking tea.","Meditation & Mindfulness","https://brandonmills.com/blog/mindfulness-exercises"
"2025-11-23","blog","From Code to Canvas: The Journey of an AI Art Creation","Witness the mesmerizing transformation from lines of code to stunning works of art. Follow the journey of a Brandon Mills AI art creation, from initial concept to final canvas print. Appreciate the fusion of technology and artistic vision. #AIArt #DigitalArt #ArtCreation #ArtProcess #Technology #Innovation #MachineLearning #Code #CanvasPrint #BrandonMills","AIArt DigitalArt ArtCreation ArtProcess Technology Innovation MachineLearning Code CanvasPrint BrandonMills","A visual representation showcasing the steps involved in creating AI art, from code to final product.","AI Art Process","https://brandonmills.com/blog/ai-art-creation-journey"
"2025-11-23","product","Elevate Your Vibration: Sacred Geometry Art for Positive Energy","Transform your environment and raise your vibration with our Genesis Collection. These stunning sacred geometry prints emit positive energy and promote harmony in your home or office. Experience the difference. Shop the collection today. #SacredGeometry #PositiveEnergy #Vibration #HomeDecor #WallArt #SpiritualDecor #EnergyHealing #ArtTherapy #Mindfulness #BrandonMillsArt","SacredGeometry PositiveEnergy Vibration HomeDecor WallArt SpiritualDecor EnergyHealing ArtTherapy Mindfulness BrandonMillsArt","Image showcasing a sacred geometry print in a well-lit, harmonious space.","Genesis Collection - Sacred Art","https://brandonmills.com/genesis-collection"
"2025-11-23","blog","Dream Symbols Dictionary: A Comprehensive Guide","Looking for clarity in your dreams? Our dream symbol dictionary helps decipher common dream imagery. Understand the underlying messages of your subconscious. Explore common dream meanings. Visit our website for the full dictionary. #DreamInterpretation #DreamSymbols #DreamAnalysis #SubconsciousMind #Psychology #Dreams #Sleep #Symbolism #Meaning #JungianPsychology","DreamInterpretation DreamSymbols DreamAnalysis SubconsciousMind Psychology Dreams Sleep Symbolism Meaning JungianPsychology","A collage of common dream symbols, such as water, animals, and landscapes.","Dream Decoder Insights","https://brandonmills.com/dream-symbols-dictionary"